<?xml version="1.0" encoding="UTF-8"?><MD_Metadata xmlns:gts="http://www.isotc211.org/2005/gts" xmlns:gco="http://www.isotc211.org/2005/gco" xmlns:xalan="http://xml.apache.org/xalan" xmlns:srv="http://www.isotc211.org/2005/srv" xmlns:gmx="http://www.isotc211.org/2005/gmx" xmlns:xlink="http://www.w3.org/1999/xlink" xmlns:xsi="http://www.w3.org/2001/XMLSchema-instance" xmlns:gml="http://www.opengis.net/gml" xmlns="http://www.isotc211.org/2005/gmd">
    <characterSet>
        <MD_CharacterSetCode codeList="http://www.isotc211.org/2005/resources/Codelist/gmxCodelists.xml#MD_CharacterSetCode" codeListValue="utf8" codeSpace="ISOTC211/19115">utf8</MD_CharacterSetCode>
    </characterSet>
    <hierarchyLevel>
        <MD_ScopeCode codeList="http://www.isotc211.org/2005/resources/Codelist/gmxCodelists.xml#MD_ScopeCode" codeListValue="dataset" codeSpace="ISOTC211/19115">dataset</MD_ScopeCode>
    </hierarchyLevel>
    <hierarchyLevelName>
        <gco:CharacterString>dataset</gco:CharacterString>
    </hierarchyLevelName>
    <contact gco:nilReason="missing"/>
    <dateStamp gco:nilReason="missing"/>
    <metadataStandardName>
        <gco:CharacterString>ISO 19139 Geographic Information - Metadata - Implementation Specification</gco:CharacterString>
    </metadataStandardName>
    <metadataStandardVersion>
        <gco:CharacterString>2007</gco:CharacterString>
    </metadataStandardVersion>
    <identificationInfo>
        <MD_DataIdentification>
            <citation gco:nilReason="missing"/>
            <abstract>
                <gco:CharacterString>Police Incidents for 2023 from the Police Information Management System (PIMS).  This data set is updated daily.

*Please note that the responseDate is shown in UTC time, not local time. The data set is refreshed on a daily basis by 9:30 AM. The website will reflect the last time the data set was updated and the total count of rows. The grid on the “Data” tab will display the up to date data. However, in certain situations there is a delay in the refresh of the downloadable data file. Sometimes the downloadable file does not reflect the updates to the data in the portal. After a delay (duration has been variable; up to 30 minutes), the file will be updated on the server and then downloads will include the updated data.</gco:CharacterString>
            </abstract>
            <purpose>
                <gco:CharacterString>Police Incidents for 2023</gco:CharacterString>
            </purpose>
            <descriptiveKeywords>
                <MD_Keywords>
                    <keyword>
                        <gco:CharacterString>Minneapolis</gco:CharacterString>
                    </keyword>
                    <keyword>
                        <gco:CharacterString>  Police</gco:CharacterString>
                    </keyword>
                    <keyword>
                        <gco:CharacterString>  MPD</gco:CharacterString>
                    </keyword>
                    <keyword>
                        <gco:CharacterString>  Open Data</gco:CharacterString>
                    </keyword>
                    <keyword>
                        <gco:CharacterString>  public safety</gco:CharacterString>
                    </keyword>
                </MD_Keywords>
            </descriptiveKeywords>
            <resourceConstraints>
                <MD_Constraints>
                    <useLimitation>
                        <gco:CharacterString>Access and Use ConstraintsTo the extent possible under law, City of Minneapolis has waived all copyright and related or neighboring rights to Open Data.The maps provided by the City of Minneapolis are compilations of records, information and data from various sources, and they are to be used for reference purposes only. The City of Minneapolis does not warrant or guarantee that the Geographic Information Systems (GIS) data or maps are complete, current, or accurate. The City of Minneapolis does not represent that the GIS data can be used for navigational, tracking, legal, engineering, surveying, or any other purpose requiring exacting measurement of distance or direction or precision in the depiction of geographic features. Pursuant to Minnesota Statutes, Section 466.03, Subdivision 21, the City of Minneapolis disclaims any liability for claims based on alleged or actual inaccuracies in the GIS data or maps.</gco:CharacterString>
                    </useLimitation>
                </MD_Constraints>
            </resourceConstraints>
            <language gco:nilReason="missing"/>
            <characterSet>
                <MD_CharacterSetCode codeList="http://www.isotc211.org/2005/resources/Codelist/gmxCodelists.xml#MD_CharacterSetCode" codeListValue="utf8" codeSpace="ISOTC211/19115">utf8</MD_CharacterSetCode>
            </characterSet>
        </MD_DataIdentification>
    </identificationInfo>
</MD_Metadata>
